sample,n_pm,median_pm,q25_pm,q75_pm,mean_pm,pct_pm_ge_20000
GSM247945,170976,72.0,59.0,100.0,121.1775894165039,0.0
GSM247946,170976,77.0,58.0,120.0,142.14427185058594,0.0
GSM247947,170976,64.0,50.0,102.0,131.99038696289062,0.0
GSM247948,170976,78.0,58.0,129.0,170.27894592285156,0.001169754819389856
GSM247949,170976,67.0,53.0,105.0,142.5522918701172,0.0
GSM247950,170976,82.0,64.0,129.0,172.40902709960938,0.0
GSM247951,170976,78.0,60.0,121.0,150.07923889160156,0.0
GSM247952,170976,124.0,99.0,187.0,227.72125244140625,0.000584877409694928
GSM247953,170976,116.0,90.0,186.0,233.68072509765625,0.001754632229084784
GSM247954,170976,125.0,102.0,181.0,217.76361083984375,0.000584877409694928
GSM247955,170976,99.0,79.0,149.0,191.13900756835938,0.0
GSM247956,170976,114.0,90.0,177.0,231.80931091308594,0.000584877409694928
GSM247957,170976,99.0,80.0,145.0,182.37442016601562,0.0
