Ki_ACV_mM,n_valid,valid_fraction,Janoska_RMSE,Theilgaard_RMSE,Theilgaard_Spearman,Nijland_Spearman_protein_informed
0.16,100,1.0,0.1604729997233291,0.565733157208057,1.0,0.7999999999999999
0.2,100,1.0,0.1613159120410411,0.5786879809749075,1.0,0.7999999999999999
0.24,100,1.0,0.16026535029751013,0.5899188634788327,1.0,0.7999999999999999
0.28,100,1.0,0.15841956773401614,0.5982914298347098,1.0,0.8999999999999998
0.32,100,1.0,0.15629566959659885,0.6047899520670947,1.0,0.8999999999999998
0.36,100,1.0,0.15448132323366878,0.610462528402456,1.0,0.8999999999999998
0.4,100,1.0,0.15290924984980153,0.6155391269155608,1.0,0.8999999999999998
0.44,100,1.0,0.15159372977671132,0.6210524122632123,1.0,0.8999999999999998
0.48,100,1.0,0.15054105070924562,0.6261015385605079,1.0,0.8999999999999998
0.52,100,1.0,0.1496132505420616,0.6307521385514115,1.0,0.8999999999999998
0.54,100,1.0,0.14918948257072628,0.6329448743157317,1.0,0.8999999999999998
0.56,100,1.0,0.14879333653094454,0.635047173639924,1.0,0.8999999999999998
0.6,100,1.0,0.1481751693725134,0.6390308011584404,1.0,0.8999999999999998
0.64,100,1.0,0.1476313500151119,0.6427499420342315,1.0,0.8999999999999998
0.68,100,1.0,0.14715096268957337,0.6462339620643477,1.0,0.8999999999999998
0.72,100,1.0,0.146736442407567,0.6495076627589126,1.0,0.8999999999999998
