figure,panel,target,strain,cluster_copies,gene_copy_min,gene_copy_max,gene_copy_mid,is_parental,metric,value,unit,relative_to_parent,source_note
3,A,penDE,DS47274,1,1.0,1.0,1.0,1,penicillin_V,30.0,percent,1.0,Approximate point estimate digitized from Weber et al. 2012 Fig. 3A
3,A,penDE,DS47274,1,2.0,2.0,2.0,0,penicillin_V,25.0,percent,0.8333333333333334,Approximate point estimate digitized from Weber et al. 2012 Fig. 3A
3,A,penDE,DS47274,1,4.0,4.0,4.0,0,penicillin_V,29.0,percent,0.9666666666666667,Approximate point estimate digitized from Weber et al. 2012 Fig. 3A
3,A,penDE,DS47274,1,15.0,16.0,15.5,0,penicillin_V,17.0,percent,0.5666666666666667,Approximate point estimate digitized from Weber et al. 2012 Fig. 3A
3,A,penDE,DS47273,3,3.0,3.0,3.0,1,penicillin_V,34.0,percent,1.0,Approximate point estimate digitized from Weber et al. 2012 Fig. 3A
3,A,penDE,DS47273,3,4.0,4.0,4.0,0,penicillin_V,57.0,percent,1.6764705882352942,Approximate point estimate digitized from Weber et al. 2012 Fig. 3A
3,A,penDE,DS47273,3,5.0,5.0,5.0,0,penicillin_V,74.0,percent,2.176470588235294,Approximate point estimate digitized from Weber et al. 2012 Fig. 3A
3,A,penDE,DS47273,3,24.0,24.0,24.0,0,penicillin_V,49.0,percent,1.4411764705882353,Approximate point estimate digitized from Weber et al. 2012 Fig. 3A
3,A,penDE,DS17690,7-8,7.0,8.0,7.5,1,penicillin_V,100.0,percent,1.0,Approximate point estimate digitized from Weber et al. 2012 Fig. 3A
3,A,penDE,DS17690,7-8,10.0,10.0,10.0,0,penicillin_V,141.0,percent,1.41,Approximate point estimate digitized from Weber et al. 2012 Fig. 3A
3,A,penDE,DS17690,7-8,10.0,11.0,10.5,0,penicillin_V,156.0,percent,1.56,Approximate point estimate digitized from Weber et al. 2012 Fig. 3A
3,A,penDE,DS17690,7-8,30.0,30.0,30.0,0,penicillin_V,86.0,percent,0.86,Approximate point estimate digitized from Weber et al. 2012 Fig. 3A
3,B,phl,DS47274,1,1.0,1.0,1.0,1,penicillin_V,19.0,percent,1.0,Approximate point estimate digitized from Weber et al. 2012 Fig. 3B
3,B,phl,DS47274,1,2.0,2.0,2.0,0,penicillin_V,20.0,percent,1.0526315789473684,Approximate point estimate digitized from Weber et al. 2012 Fig. 3B
3,B,phl,DS47274,1,17.0,17.0,17.0,0,penicillin_V,10.0,percent,0.5263157894736842,Approximate point estimate digitized from Weber et al. 2012 Fig. 3B
3,B,phl,DS47273,3,1.0,1.0,1.0,1,penicillin_V,42.0,percent,1.0,Approximate point estimate digitized from Weber et al. 2012 Fig. 3B
3,B,phl,DS47273,3,2.0,2.0,2.0,0,penicillin_V,43.0,percent,1.0238095238095237,Approximate point estimate digitized from Weber et al. 2012 Fig. 3B
3,B,phl,DS47273,3,7.0,7.0,7.0,0,penicillin_V,62.0,percent,1.4761904761904763,Approximate point estimate digitized from Weber et al. 2012 Fig. 3B
3,B,phl,DS17690,7-8,1.0,1.0,1.0,1,penicillin_V,100.0,percent,1.0,Approximate point estimate digitized from Weber et al. 2012 Fig. 3B
3,B,phl,DS17690,7-8,2.0,2.0,2.0,0,penicillin_V,101.0,percent,1.01,Approximate point estimate digitized from Weber et al. 2012 Fig. 3B
3,B,phl,DS17690,7-8,9.0,9.0,9.0,0,penicillin_V,125.0,percent,1.25,Approximate point estimate digitized from Weber et al. 2012 Fig. 3B
6,,penDE,DS47274,1,1.0,1.0,1.0,1,6_APA,12.0,uM,1.0,Approximate point estimate digitized from Weber et al. 2012 Fig. 6
6,,penDE,DS47274,1,2.0,2.0,2.0,0,6_APA,4.0,uM,0.3333333333333333,Approximate point estimate digitized from Weber et al. 2012 Fig. 6
6,,penDE,DS47274,1,4.0,4.0,4.0,0,6_APA,11.0,uM,0.9166666666666666,Approximate point estimate digitized from Weber et al. 2012 Fig. 6
6,,penDE,DS47274,1,15.0,16.0,15.5,0,6_APA,21.0,uM,1.75,Approximate point estimate digitized from Weber et al. 2012 Fig. 6
6,,penDE,DS47273,3,3.0,3.0,3.0,1,6_APA,14.0,uM,1.0,Approximate point estimate digitized from Weber et al. 2012 Fig. 6
6,,penDE,DS47273,3,4.0,4.0,4.0,0,6_APA,32.0,uM,2.2857142857142856,Approximate point estimate digitized from Weber et al. 2012 Fig. 6
6,,penDE,DS47273,3,5.0,5.0,5.0,0,6_APA,12.0,uM,0.8571428571428571,Approximate point estimate digitized from Weber et al. 2012 Fig. 6
6,,penDE,DS47273,3,24.0,24.0,24.0,0,6_APA,69.0,uM,4.928571428571429,Approximate point estimate digitized from Weber et al. 2012 Fig. 6
6,,penDE,DS17690,7-8,7.0,8.0,7.5,1,6_APA,38.0,uM,1.0,Approximate point estimate digitized from Weber et al. 2012 Fig. 6
6,,penDE,DS17690,7-8,10.0,10.0,10.0,0,6_APA,71.0,uM,1.868421052631579,Approximate point estimate digitized from Weber et al. 2012 Fig. 6
6,,penDE,DS17690,7-8,10.0,11.0,10.5,0,6_APA,60.0,uM,1.5789473684210527,Approximate point estimate digitized from Weber et al. 2012 Fig. 6
6,,penDE,DS17690,7-8,30.0,30.0,30.0,0,6_APA,138.0,uM,3.6315789473684212,Approximate point estimate digitized from Weber et al. 2012 Fig. 6
