parameter,reference_value,units,factor_low,factor_high,absolute_low,absolute_high,range_type,justification
Vmax_ACVS,0.60,model flux units,0.4,2.5,0.24,1.50,reduced-model uncertainty,"Capacity is not directly transferable from published assay/cell-volume units; symmetric log-scale range spans 6.25-fold total uncertainty."
Vmax_IPNS,0.90,model flux units,0.4,2.5,0.36,2.25,reduced-model uncertainty,"Capacity is not directly transferable from published assay/cell-volume units; symmetric log-scale range spans 6.25-fold total uncertainty."
Vmax_PCL,1.20,model rate coefficient,0.4,2.5,0.48,3.00,reduced-model uncertainty,"Capacity coefficient is not equated to the fitted Deshmukh kPCL because representations/units differ; broad model-scale range is propagated."
Vmax_IAT,0.80,model flux units,0.4,2.5,0.32,2.00,reduced-model uncertainty,"Capacity is not directly transferable from published assay/cell-volume units; symmetric log-scale range spans 6.25-fold total uncertainty."
Vmax_IAH,0.25,model flux units,0.2,5.0,0.05,1.25,reduced-model uncertainty,"IAH capacity is especially weakly constrained; 25-fold total range is used while Km source dependence is tested separately."
Ki_ACV_ACVS,0.44,mM,0.36,1.64,0.1584,0.7216,literature-uncertainty propagation,"Chosen to span approximately the reported 0.44 +/- 0.28 mM in-vivo estimate; 0.54 mM lies within this range. Historical 12.5 mM is tested as a structural/source comparator rather than folded into the canonical prior."
Km_ACV,0.13,mM,0.70,1.30,0.091,0.169,literature-uncertainty propagation,"Centered on the 0.13 mM literature anchor and approximately spans the reported uncertainty scale used in later kinetic work."
Km_O2,0.10,mM,0.25,4.0,0.025,0.40,phenomenological uncertainty,"No single transferable oxygen Km is supported across classical datasets; deliberately broad 16-fold range brackets the phenomenological scale."
Km_IPNp,0.023,mM,0.5,2.0,0.0115,0.046,literature-anchor uncertainty,"Two-fold range around the Alvarez/Deshmukh affinity anchor to propagate assay/context uncertainty."
Km_PAACoA,0.006,mM,0.5,2.0,0.003,0.012,literature-anchor uncertainty,"Two-fold range around the Alvarez/Deshmukh affinity anchor to propagate assay/context uncertainty."
Ki_PAACoA_PCL,0.0039,mM,0.25,4.0,0.000975,0.0156,weakly constrained literature scale,"The reported estimate has uncertainty larger than the central value. A broad positive log-scale range is propagated, and complete removal of PCL feedback is tested separately as a structural limit."
Km_IAH,412.0,mM,0.25,4.0,103.0,1648.0,source-dependent literature uncertainty,"Broad range around the later in-vivo DS17690 estimate. The classical 4 mM formulation is intentionally tested as a separate structural/source sensitivity because it is orders of magnitude away."
