parameter,previous_value,value,units,status,primary_source,reported_literature_value,decision_and_notes,audit_note
Km_AAA,0.08,0.045,mM,direct literature anchor,Theilgaard et al. 1997; corroborated by Nasution et al. 2008,45 uM,Corrected to purified P. chrysogenum ACVS value.,
Km_CYS,0.10,0.080,mM,direct literature anchor,Theilgaard et al. 1997,80 uM,Corrected to purified P. chrysogenum ACVS value.,
Km_VAL,0.20,0.080,mM,direct literature anchor,Theilgaard et al. 1997; corroborated by Nasution et al. 2008,80 uM,Corrected to purified P. chrysogenum ACVS value.,
Ki_AAA,3.0,removed,mM,unsupported in prior baseline,not supported for the modeled ACVS law,,Removed. The prior AAA substrate-inhibition term was not supported by the checked P. chrysogenum literature.,
Ki_ACV_ACVS,absent,0.44,mM,direct in-vivo kinetic anchor,Deshmukh et al. 2015,440 +/- 280 mmol/m3; earlier 540 mmol/m3,"Added ACV product feedback as the baseline ACVS regulatory term. Purified ACVS also shows bisACV feedback (KbisACV 1.4 mM; Theilgaard et al. 1997), but bisACV is not an explicit Penkin state.","Primary baseline uses the 0.44 mM in-vivo estimate; the earlier 0.54 mM estimate and wider reported uncertainty are evaluated by parameter profiling, while the historical 12.5 mM model value is retained as a structural comparator."
Vmax_ACVS,0.60,0.60,model flux units,model-scale reference,not directly transferable across assay/cell-volume units,,"Retained as an uncertainty scale, not a literature point estimate.",
Km_ACV,0.13,0.13,mM,direct literature anchor,Ramos et al. 1985; Nielsen & Jorgensen 1995; Deshmukh et al. 2015,130 +/- 38 mmol/m3 in Deshmukh,Verified.,
Km_O2,0.10,0.10,mM,phenomenological reference,Bainbridge et al. 1992; Pissarra et al. 1996; Janoska et al. 2023,linear dependence reported at 0.070-0.18 mM; hyperbolic behavior at 0.009-0.025 mM,Retained only as a central phenomenological scale and varied broadly; not claimed as a measured Km.,
Vmax_IPNS,0.90,0.90,model flux units,model-scale reference,not directly transferable across assay/cell-volume units,,"Retained as an uncertainty scale, not a literature point estimate.",
PCL_rate_law,Michaelis-Menten in PAA,first-order PAA with PA-CoA feedback,,direct literature-informed form,Deshmukh et al. 2015,vPCL proportional to PAA with PA-CoA feedback,Changed baseline rate-law form. Deshmukh reported that an apparent PAA Km term had little influence and could not be estimated.,
Km_PAA,0.30,removed,mM,unsupported prior point estimate,Koetsier et al. 2009 as discussed by Deshmukh et al. 2015,apparent 6.1 +/- 0.3 mM,Removed from baseline because Deshmukh found the affinity term weak/unidentifiable.,
Ki_PAACoA_PCL,absent,0.0039,mM,direct literature anchor,Deshmukh et al. 2015,3.9 +/- 5.8 mmol/m3 = 0.0039 +/- 0.0058 mM,PA-CoA feedback scale after explicit mmol/m3-to-mM conversion; uncertainty is large and includes values near zero.,
Vmax_PCL,1.20,1.20,model rate coefficient,model-scale reference,Deshmukh et al. 2015 reports kPCL 11 +/- 12 1/h in a different model/unit context,,Retained as model-scale capacity; not equated to Deshmukh's fitted kPCL.,
Km_IPNp,0.14,0.023,mM,direct literature anchor,Alvarez et al. 1987; fixed in Deshmukh et al. 2015,23 mmol/m3,Corrected.,
Km_PAACoA,0.20,0.006,mM,direct literature anchor,Alvarez et al. 1987; fixed in Deshmukh et al. 2015,6 mmol/m3,Corrected.,
Vmax_IAT,0.80,0.80,model flux units,model-scale reference,not directly transferable across assay/cell-volume units,,Retained as an uncertainty scale.,
Km_IAH,0.30,412.0,mM,direct in-vivo kinetic anchor,Deshmukh et al. 2015,412 x 10^3 mmol/m3,Corrected by more than three orders of magnitude; this removes the previous exaggerated IAH drain in the six-state model.,Re-anchored to the later DS17690 in-vivo estimate; the classical 4 mM formulation is retained as an explicit structural sensitivity.
Vmax_IAH,0.25,0.25,model flux units,model-scale reference,not directly transferable across assay/cell-volume units,,Retained as an uncertainty scale; the literature Km now makes the route low-affinity as reported.,
kt_IPN,5.0,5.0,1/h,reduced-model reference,compartment/transport literature supports transport but not this coefficient,,Retained as a broad uncertainty parameter; not a literature point estimate.,
kt_PENG,5.0,5.0,1/h,reduced-model reference,Douma et al. 2012 reports cytoplasmic-membrane facilitated PenG transport with qmax and Keq in a different representation,,Retained as reduced peroxisomal exchange scale; not mapped to Douma qmax/Keq.,
k_secr,3.0,3.0,1/h,reduced-model reference,Douma et al. 2012,,Retained as first-order external export scale because the six-state model has no explicit extracellular PenG state; not a fitted literature rate.,
k_IPNsecr,0.8,0.8,1/h,reduced-model reference,Deshmukh et al. 2015 supports IPN export,,"Retained as a broad uncertainty scale, not a literature point.",
k_PAACoA_hyd,0.6,0.6,1/h,reduced-model reference,side-product hydrolysis represented phenomenologically,,Retained as a broad uncertainty scale.,
pool_AAA,0.50,0.50,mM,reference-state input,Nasution et al. 2008 shows condition-dependent intracellular pools; values are not directly mapped to this reduced model,,Not claimed as a measured concentration; varied in broad-uncertainty analysis.,
pool_CYS,0.20,0.20,mM,reference-state input,Nasution et al. 2008 shows condition-dependent cysteine and strong production coupling,,Not claimed as a measured concentration; varied in broad-uncertainty analysis.,
pool_VAL,2.00,2.00,mM,reference-state input,Nasution et al. 2008 reports millimolar intracellular valine and low flux sensitivity in DS17690,,Retained only as a reference pool; varied in broad-uncertainty analysis.,
pool_O2,0.18,0.18,mM,reference-state input,Pissarra et al. 1996; Bainbridge et al. 1992,0.070-0.18 mM corresponds to roughly 25-70% air saturation in classical IPNS work,0.18 mM retained as non-limiting reference condition; oxygen challenge uses Janoska experimental DO values.,
PAA_reference,5.0,5.0,mM,direct experimental condition,Deshmukh et al. 2015,0 to 5 mM PAA step,Verified.,
