figure,panel,target,strain,cluster_copies,gene_copy_min,gene_copy_max,gene_copy_mid,is_parental,metric,value,unit,source_note
3,A,penDE,DS47274,1,1,1,1,1,penicillin_V,30.0,percent,"Approximate point estimate digitized from Weber et al. 2012 Fig. 3A"
3,A,penDE,DS47274,1,2,2,2,0,penicillin_V,25.0,percent,"Approximate point estimate digitized from Weber et al. 2012 Fig. 3A"
3,A,penDE,DS47274,1,4,4,4,0,penicillin_V,29.0,percent,"Approximate point estimate digitized from Weber et al. 2012 Fig. 3A"
3,A,penDE,DS47274,1,15,16,15.5,0,penicillin_V,17.0,percent,"Approximate point estimate digitized from Weber et al. 2012 Fig. 3A"
3,A,penDE,DS47273,3,3,3,3,1,penicillin_V,34.0,percent,"Approximate point estimate digitized from Weber et al. 2012 Fig. 3A"
3,A,penDE,DS47273,3,4,4,4,0,penicillin_V,57.0,percent,"Approximate point estimate digitized from Weber et al. 2012 Fig. 3A"
3,A,penDE,DS47273,3,5,5,5,0,penicillin_V,74.0,percent,"Approximate point estimate digitized from Weber et al. 2012 Fig. 3A"
3,A,penDE,DS47273,3,24,24,24,0,penicillin_V,49.0,percent,"Approximate point estimate digitized from Weber et al. 2012 Fig. 3A"
3,A,penDE,DS17690,7-8,7,8,7.5,1,penicillin_V,100.0,percent,"Approximate point estimate digitized from Weber et al. 2012 Fig. 3A"
3,A,penDE,DS17690,7-8,10,10,10,0,penicillin_V,141.0,percent,"Approximate point estimate digitized from Weber et al. 2012 Fig. 3A"
3,A,penDE,DS17690,7-8,10,11,10.5,0,penicillin_V,156.0,percent,"Approximate point estimate digitized from Weber et al. 2012 Fig. 3A"
3,A,penDE,DS17690,7-8,30,30,30,0,penicillin_V,86.0,percent,"Approximate point estimate digitized from Weber et al. 2012 Fig. 3A"
3,B,phl,DS47274,1,1,1,1,1,penicillin_V,19.0,percent,"Approximate point estimate digitized from Weber et al. 2012 Fig. 3B"
3,B,phl,DS47274,1,2,2,2,0,penicillin_V,20.0,percent,"Approximate point estimate digitized from Weber et al. 2012 Fig. 3B"
3,B,phl,DS47274,1,17,17,17,0,penicillin_V,10.0,percent,"Approximate point estimate digitized from Weber et al. 2012 Fig. 3B"
3,B,phl,DS47273,3,1,1,1,1,penicillin_V,42.0,percent,"Approximate point estimate digitized from Weber et al. 2012 Fig. 3B"
3,B,phl,DS47273,3,2,2,2,0,penicillin_V,43.0,percent,"Approximate point estimate digitized from Weber et al. 2012 Fig. 3B"
3,B,phl,DS47273,3,7,7,7,0,penicillin_V,62.0,percent,"Approximate point estimate digitized from Weber et al. 2012 Fig. 3B"
3,B,phl,DS17690,7-8,1,1,1,1,penicillin_V,100.0,percent,"Approximate point estimate digitized from Weber et al. 2012 Fig. 3B"
3,B,phl,DS17690,7-8,2,2,2,0,penicillin_V,101.0,percent,"Approximate point estimate digitized from Weber et al. 2012 Fig. 3B"
3,B,phl,DS17690,7-8,9,9,9,0,penicillin_V,125.0,percent,"Approximate point estimate digitized from Weber et al. 2012 Fig. 3B"
6,,penDE,DS47274,1,1,1,1,1,6_APA,12.0,uM,"Approximate point estimate digitized from Weber et al. 2012 Fig. 6"
6,,penDE,DS47274,1,2,2,2,0,6_APA,4.0,uM,"Approximate point estimate digitized from Weber et al. 2012 Fig. 6"
6,,penDE,DS47274,1,4,4,4,0,6_APA,11.0,uM,"Approximate point estimate digitized from Weber et al. 2012 Fig. 6"
6,,penDE,DS47274,1,15,16,15.5,0,6_APA,21.0,uM,"Approximate point estimate digitized from Weber et al. 2012 Fig. 6"
6,,penDE,DS47273,3,3,3,3,1,6_APA,14.0,uM,"Approximate point estimate digitized from Weber et al. 2012 Fig. 6"
6,,penDE,DS47273,3,4,4,4,0,6_APA,32.0,uM,"Approximate point estimate digitized from Weber et al. 2012 Fig. 6"
6,,penDE,DS47273,3,5,5,5,0,6_APA,12.0,uM,"Approximate point estimate digitized from Weber et al. 2012 Fig. 6"
6,,penDE,DS47273,3,24,24,24,0,6_APA,69.0,uM,"Approximate point estimate digitized from Weber et al. 2012 Fig. 6"
6,,penDE,DS17690,7-8,7,8,7.5,1,6_APA,38.0,uM,"Approximate point estimate digitized from Weber et al. 2012 Fig. 6"
6,,penDE,DS17690,7-8,10,10,10,0,6_APA,71.0,uM,"Approximate point estimate digitized from Weber et al. 2012 Fig. 6"
6,,penDE,DS17690,7-8,10,11,10.5,0,6_APA,60.0,uM,"Approximate point estimate digitized from Weber et al. 2012 Fig. 6"
6,,penDE,DS17690,7-8,30,30,30,0,6_APA,138.0,uM,"Approximate point estimate digitized from Weber et al. 2012 Fig. 6"
